记录总数,作者总数,失败总数,视频总数,图片总数,时间
46302,453,4836,48803,1535,-
51371,453,4646,50720,1725,2022-12-02 20:03:54
49787,453,5174,51539,3877,2022-12-05 03:15:09
49787,453,5174,51539,3877,2022-12-05 03:15:29
56468,478,2496,55092,4797,2022-12-08 08:07:27
56198,479,2219,56434,4907,2022-12-08 22:07:03
58033,479,2217,57687,5226,2022-12-12 16:51:22
60381,480,2223,58009,5552,2022-12-18 21:21:43
60381,480,2223,58009,5552,2022-12-18 21:21:50
60381,480,2223,58009,5552,2022-12-18 21:38:29
63631,480,1888,61756,6240,2023-01-07 07:32:58
63631,480,1888,61756,6240,2023-01-07 07:41:57
63662,480,1883,61849,6259,2023-01-09 12:32:40
69584,543,1903,"","",2023-01-28 20:05:40
69866,543,1950,"","",2023-01-29 22:25:04
69552,543,2060,62755,6314,2023-01-29 22:33:55
74430,543,2183,67384,6619,2023-02-05 23:52:30
74618,543,2069,67592,6754,2023-02-06 21:21:39
73663,543,2554,"","",2023-02-06 21:42:41
